title,link
Congo Investigation a Chance to Fight Corruption,{'https://news.google.com/articles/CBMiT2h0dHBzOi8vd3d3Lmhydy5vcmcvbmV3cy8yMDIxLzEyLzAyL2NvbmdvLWludmVzdGlnYXRpb24tY2hhbmNlLWZpZ2h0LWNvcnJ1cHRpb27SAQA?hl=en-KE&gl=KE&ceid=KE%3Aen'}
How to Cure Creeping Kleptocracy - Inkstick,{'https://news.google.com/articles/CBMiO2h0dHBzOi8vaW5rc3RpY2ttZWRpYS5jb20vaG93LXRvLWN1cmUtY3JlZXBpbmcta2xlcHRvY3JhY3kv0gEA?hl=en-KE&gl=KE&ceid=KE%3Aen'}
Fight against corruption gains momentum in DRC,{'https://news.google.com/articles/CBMiVWh0dHBzOi8vd3d3LmFmcmljYW5ld3MuY29tLzIwMjEvMTAvMTQvZmlnaHQtYWdhaW5zdC1jb3JydXB0aW9uLWdhaW5zLW1vbWVudHVtLWluLWRyYy_SAVlodHRwczovL3d3dy5hZnJpY2FuZXdzLmNvbS9hbXAvMjAyMS8xMC8xNC9maWdodC1hZ2FpbnN0LWNvcnJ1cHRpb24tZ2FpbnMtbW9tZW50dW0taW4tZHJjLw?hl=en-KE&gl=KE&ceid=KE%3Aen'}
Congo says it has to fight joint enemy with Uganda as soldiers cross border,{'https://news.google.com/articles/CBMiamh0dHBzOi8vd3d3LnJldXRlcnMuY29tL3dvcmxkL2FmcmljYS9odW5kcmVkcy11Z2FuZGFuLXRyb29wcy1jcm9zcy1pbnRvLWNvbmdvLW9mZmVuc2l2ZS13aWRlbnMtMjAyMS0xMi0wMS_SAQA?hl=en-KE&gl=KE&ceid=KE%3Aen'}
DLIELC holds Democratic Republic of Congo promotion ceremony,{'https://news.google.com/articles/CBMiemh0dHBzOi8vd3d3LmFldGMuYWYubWlsL05ld3MvQXJ0aWNsZS1EaXNwbGF5L0FydGljbGUvMjg2MDE0Ny9kbGllbGMtaG9sZHMtZGVtb2NyYXRpYy1yZXB1YmxpYy1vZi1jb25nby1wcm9tb3Rpb24tY2VyZW1vbnkv0gEA?hl=en-KE&gl=KE&ceid=KE%3Aen'}
Hunt for the ‘Blood Diamond of Batteries’ Impedes Green Energy Push,{'https://news.google.com/articles/CBMiTmh0dHBzOi8vd3d3Lm55dGltZXMuY29tLzIwMjEvMTEvMjkvd29ybGQvY29uZ28tY29iYWx0LWFsYmVydC15dW1hLW11bGltYmkuaHRtbNIBUmh0dHBzOi8vd3d3Lm55dGltZXMuY29tLzIwMjEvMTEvMjkvd29ybGQvY29uZ28tY29iYWx0LWFsYmVydC15dW1hLW11bGltYmkuYW1wLmh0bWw?hl=en-KE&gl=KE&ceid=KE%3Aen'}
Congo's government has banned songs that annoy it,{'https://news.google.com/articles/CBMibGh0dHBzOi8vd3d3LmVjb25vbWlzdC5jb20vbWlkZGxlLWVhc3QtYW5kLWFmcmljYS8yMDIxLzExLzI1L2Nvbmdvcy1nb3Zlcm5tZW50LWhhcy1iYW5uZWQtc29uZ3MtdGhhdC1hbm5veS1pdNIBAA?hl=en-KE&gl=KE&ceid=KE%3Aen'}
A Power Struggle Over Cobalt Rattles the Clean Energy Revolution,{'https://news.google.com/articles/CBMiQGh0dHBzOi8vd3d3Lm55dGltZXMuY29tLzIwMjEvMTEvMjAvd29ybGQvY2hpbmEtY29uZ28tY29iYWx0Lmh0bWzSAURodHRwczovL3d3dy5ueXRpbWVzLmNvbS8yMDIxLzExLzIwL3dvcmxkL2NoaW5hLWNvbmdvLWNvYmFsdC5hbXAuaHRtbA?hl=en-KE&gl=KE&ceid=KE%3Aen'}
"Democracy, corruption, and U.S. policy in the Democratic Republic of the Congo",{'https://news.google.com/articles/CBMijwFodHRwczovL3d3dy5icm9va2luZ3MuZWR1L2V2ZW50cy9kZW1vY3JhY3ktYW5kLWNvcnJ1cHRpb24taW4tdGhlLWRlbW9jcmF0aWMtcmVwdWJsaWMtb2YtdGhlLWNvbmdvLXR3by15ZWFycy1pbnRvLXRoZS10c2hpc2VrZWRpLWFkbWluaXN0cmF0aW9uL9IBkwFodHRwczovL3d3dy5icm9va2luZ3MuZWR1L2V2ZW50cy9kZW1vY3JhY3ktYW5kLWNvcnJ1cHRpb24taW4tdGhlLWRlbW9jcmF0aWMtcmVwdWJsaWMtb2YtdGhlLWNvbmdvLXR3by15ZWFycy1pbnRvLXRoZS10c2hpc2VrZWRpLWFkbWluaXN0cmF0aW9uL2FtcC8?hl=en-KE&gl=KE&ceid=KE%3Aen'}
Electric cars are powered by rare metals. Can AI help find them?,{'https://news.google.com/articles/CBMidWh0dHBzOi8vd3d3Lm5hdGlvbmFsZ2VvZ3JhcGhpYy5jb20vZW52aXJvbm1lbnQvYXJ0aWNsZS9lbGVjdHJpYy1jYXJzLWFyZS1wb3dlcmVkLWJ5LXJhcmUtbWV0YWxzLWNhbi1haS1oZWxwLWZpbmQtdGhlbdIBjQFodHRwczovL2FwaS5uYXRpb25hbGdlb2dyYXBoaWMuY29tL2Rpc3RyaWJ1dGlvbi9wdWJsaWMvYW1wL2Vudmlyb25tZW50L2FydGljbGUvZWxlY3RyaWMtY2Fycy1hcmUtcG93ZXJlZC1ieS1yYXJlLW1ldGFscy1jYW4tYWktaGVscC1maW5kLXRoZW0?hl=en-KE&gl=KE&ceid=KE%3Aen'}
U.S. and DRC Law Enforcement Collaborate to Stop Wildlife Trafficking Ring,{'https://news.google.com/articles/CBMiY2h0dHBzOi8vY2QudXNlbWJhc3N5Lmdvdi91LXMtYW5kLWRyYy1sYXctZW5mb3JjZW1lbnQtY29sbGFib3JhdGUtdG8tc3RvcC13aWxkbGlmZS10cmFmZmlja2luZy1yaW5nL9IBAA?hl=en-KE&gl=KE&ceid=KE%3Aen'}
Corruption blights Kenya's quest for football glory,{'https://news.google.com/articles/CBMiYmh0dHBzOi8vd3d3LmZyYW5jZTI0LmNvbS9lbi9saXZlLW5ld3MvMjAyMTExMjMtY29ycnVwdGlvbi1ibGlnaHRzLWtlbnlhLXMtcXVlc3QtZm9yLWZvb3RiYWxsLWdsb3J50gFiaHR0cHM6Ly9hbXAuZnJhbmNlMjQuY29tL2VuL2xpdmUtbmV3cy8yMDIxMTEyMy1jb3JydXB0aW9uLWJsaWdodHMta2VueWEtcy1xdWVzdC1mb3ItZm9vdGJhbGwtZ2xvcnk?hl=en-KE&gl=KE&ceid=KE%3Aen'}
Leveraging Reform: Fighting Corruption in Post-Election DR Congo - Democratic Republic of the Congo,{'https://news.google.com/articles/CAIiELXOk6P4J4UCaW-XttJmOC0qGQgEKhAIACoHCAow4OH9CjCg6_UCMJ-42gU?uo=CAUic2h0dHBzOi8vcmVsaWVmd2ViLmludC9yZXBvcnQvZGVtb2NyYXRpYy1yZXB1YmxpYy1jb25nby9sZXZlcmFnaW5nLXJlZm9ybS1maWdodGluZy1jb3JydXB0aW9uLXBvc3QtZWxlY3Rpb24tZHItY29uZ2_SAQA&hl=en-KE&gl=KE&ceid=KE%3Aen'}
"$1.5 billion Congo Basin pledge a good start but not enough, experts say",{'https://news.google.com/articles/CAIiEK5qw1hxQ8QfPEhuQFjtt8YqMwgEKioIACIQ65Pnd-s87Ky7YVAI7KgDCSoUCAoiEOuT53frPOysu2FQCOyoAwkwiYLEBg?uo=CAUiaWh0dHBzOi8vbmV3cy5tb25nYWJheS5jb20vMjAyMS8xMi8xLTUtYmlsbGlvbi1jb25nby1iYXNpbi1wbGVkZ2UtYS1nb29kLXN0YXJ0LWJ1dC1ub3QtZW5vdWdoLWV4cGVydHMtc2F5L9IBAA&hl=en-KE&gl=KE&ceid=KE%3Aen'}
"On Democracy, Middle East Can Benefit From Biden's Summit",{'https://news.google.com/articles/CBMibmh0dHBzOi8vd3d3LndvcmxkcG9saXRpY3NyZXZpZXcuY29tL3RyZW5kLWxpbmVzLzMwMTUzL29uLWRlbW9jcmFjeS1taWRkbGUtZWFzdC1jYW4tYmVuZWZpdC1mcm9tLWJpZGVuLXMtc3VtbWl00gEA?hl=en-KE&gl=KE&ceid=KE%3Aen'}
DRC: Fake statement attributed to Transparency…,{'https://news.google.com/articles/CBMiYWh0dHBzOi8vd3d3LnRyYW5zcGFyZW5jeS5vcmcvZW4vcHJlc3MvZHJjLWRlbW9jcmFjdGljLXJlcHVibGljLWNvbmdvLXNvY2lhbC1tZWRpYS1mYWtlLW5ld3MtYWxlcnTSAQA?hl=en-KE&gl=KE&ceid=KE%3Aen'}
Zambia's Hichilema urged to walk the talk after 'slow' start,{'https://news.google.com/articles/CBMidGh0dHBzOi8vd3d3LnRoZWNpdGl6ZW4uY28udHovdGFuemFuaWEvbmV3cy9hZnJpY2EvemFtYmlhLXMtaGljaGlsZW1hLXVyZ2VkLXRvLXdhbGstdGhlLXRhbGstYWZ0ZXItc2xvdy1zdGFydC0zNjM3MzE20gGBAWh0dHBzOi8vd3d3LnRoZWNpdGl6ZW4uY28udHovdGFuemFuaWEvbmV3cy9hZnJpY2EvemFtYmlhLXMtaGljaGlsZW1hLXVyZ2VkLXRvLXdhbGstdGhlLXRhbGstYWZ0ZXItc2xvdy1zdGFydC0zNjM3MzE2P3ZpZXc9aHRtbGFtcA?hl=en-KE&gl=KE&ceid=KE%3Aen'}
Congo-Kinshasa: Underpaid and Under Fire - the Risky Business of Monitoring Congo's Volatile Volcano,{'https://news.google.com/articles/CAIiEAFd4sen8MrTWmnjErE3OjgqFggEKg4IACoGCAowpa8mMJL_BTCBtQY?uo=CAUiL2h0dHBzOi8vYWxsYWZyaWNhLmNvbS9zdG9yaWVzLzIwMjExMTI0MDUxMy5odG1s0gEA&hl=en-KE&gl=KE&ceid=KE%3Aen'}
Congo arrests former health minister over missing COVID funds,{'https://news.google.com/articles/CBMiZGh0dHBzOi8vd3d3LmFmcmljYW5ld3MuY29tLzIwMjEvMDgvMjgvY29uZ28tYXJyZXN0cy1mb3JtZXItaGVhbHRoLW1pbmlzdGVyLW92ZXItbWlzc2luZy1jb3ZpZC1mdW5kcy_SAWhodHRwczovL3d3dy5hZnJpY2FuZXdzLmNvbS9hbXAvMjAyMS8wOC8yOC9jb25nby1hcnJlc3RzLWZvcm1lci1oZWFsdGgtbWluaXN0ZXItb3Zlci1taXNzaW5nLWNvdmlkLWZ1bmRzLw?hl=en-KE&gl=KE&ceid=KE%3Aen'}
UK Fraud Watchdog Digs into Alleged Mine Bribes in DR Congo,{'https://news.google.com/articles/CBMiYGh0dHBzOi8vd3d3Lm9jY3JwLm9yZy9lbi9kYWlseS8xNDg5Ny11ay1mcmF1ZC13YXRjaGRvZy1kaWdzLWludG8tYWxsZWdlZC1taW5lLWJyaWJlcy1pbi1kci1jb25nb9IBAA?hl=en-KE&gl=KE&ceid=KE%3Aen'}
DR Congo president's ex-chief of staff jailed 20 years for corruption,{'https://news.google.com/articles/CBMibWh0dHBzOi8vd3d3LmFmcmljYW5ld3MuY29tLzIwMjAvMDYvMjAvYW50aS1jb3JydXB0aW9uLXRyaWFsLWluLWRyYy1rYW1lcmhlLXNlbnRlbmNlZC10by0yMC15ZWFycy1oYXJkLWxhYm91ci_SAXFodHRwczovL3d3dy5hZnJpY2FuZXdzLmNvbS9hbXAvMjAyMC8wNi8yMC9hbnRpLWNvcnJ1cHRpb24tdHJpYWwtaW4tZHJjLWthbWVyaGUtc2VudGVuY2VkLXRvLTIwLXllYXJzLWhhcmQtbGFib3VyLw?hl=en-KE&gl=KE&ceid=KE%3Aen'}
DRC: 4 billion dollars lost from dubious contracts with Israeli businessman (NGO),{'https://news.google.com/articles/CBMidWh0dHBzOi8vd3d3LmFmcmljYW5ld3MuY29tLzIwMjEvMDUvMTIvZHJjLTQtYmlsbGlvbi1kb2xsYXJzLWxvc3QtZnJvbS1kdWJpb3VzLWNvbnRyYWN0cy13aXRoLWlzcmFlbGktYnVzaW5lc3NtYW4tbmdvL9IBeWh0dHBzOi8vd3d3LmFmcmljYW5ld3MuY29tL2FtcC8yMDIxLzA1LzEyL2RyYy00LWJpbGxpb24tZG9sbGFycy1sb3N0LWZyb20tZHViaW91cy1jb250cmFjdHMtd2l0aC1pc3JhZWxpLWJ1c2luZXNzbWFuLW5nby8?hl=en-KE&gl=KE&ceid=KE%3Aen'}
"Intimidation, Threats Against Congolese Whistleblower",{'https://news.google.com/articles/CBMiWGh0dHBzOi8vd3d3Lmhydy5vcmcvbmV3cy8yMDIxLzA4LzAyL2ludGltaWRhdGlvbi10aHJlYXRzLWFnYWluc3QtY29uZ29sZXNlLXdoaXN0bGVibG93ZXLSAQA?hl=en-KE&gl=KE&ceid=KE%3Aen'}
Why do DRC citizens report such high levels of corruption?,{'https://news.google.com/articles/CBMiZmh0dHBzOi8vdm9pY2VzLnRyYW5zcGFyZW5jeS5vcmcvd2h5LWRvLWRyYy1jaXRpemVucy1yZXBvcnQtc3VjaC1oaWdoLWxldmVscy1vZi1jb3JydXB0aW9uLTU1NGZhZTBkMjIxM9IBAA?hl=en-KE&gl=KE&ceid=KE%3Aen'}
Former Congo PM has immunity lifted over corruption allegations,{'https://news.google.com/articles/CBMicGh0dHBzOi8vd3d3LnJldXRlcnMuY29tL3dvcmxkL2FmcmljYS9mb3JtZXItY29uZ28tcG0taGFzLWltbXVuaXR5LWxpZnRlZC1vdmVyLWNvcnJ1cHRpb24tYWxsZWdhdGlvbnMtMjAyMS0wNy0wNS_SAQA?hl=en-KE&gl=KE&ceid=KE%3Aen'}
"United Arab Emirates a go-to offshore haven for Africa's political and business elite, leaked records show",{'https://news.google.com/articles/CAIiEDKFFpsBlDhoN9o9X4DwTIYqGQgEKhAIACoHCAow3e2TCzDU9KgDMNHqwAY?uo=CAUinAFodHRwczovL3d3dy5pY2lqLm9yZy9pbnZlc3RpZ2F0aW9ucy9wYW5kb3JhLXBhcGVycy91bml0ZWQtYXJhYi1lbWlyYXRlcy1hLWdvLXRvLW9mZnNob3JlLWhhdmVuLWZvci1hZnJpY2FzLXBvbGl0aWNhbC1hbmQtYnVzaW5lc3MtZWxpdGUtbGVha2VkLXJlY29yZHMtc2hvdy_SAQA&hl=en-KE&gl=KE&ceid=KE%3Aen'}
The corporate world’s race to net-zero hinges on tiny villages in the DR Congo,{'https://news.google.com/articles/CBMiXmh0dHBzOi8vZm9ydHVuZS5jb20vMjAyMS8xMS8yNy9kci1jb25nby1yYWluZm9yZXN0cy1uZXQtemVyby1kZWx0YS1ldHN5LWNoYW5lbC1jbGltYXRlLWNoYW5nZS_SAWJodHRwczovL2ZvcnR1bmUuY29tLzIwMjEvMTEvMjcvZHItY29uZ28tcmFpbmZvcmVzdHMtbmV0LXplcm8tZGVsdGEtZXRzeS1jaGFuZWwtY2xpbWF0ZS1jaGFuZ2UvYW1wLw?hl=en-KE&gl=KE&ceid=KE%3Aen'}
"'Conflict, corruption result in deindustrialization of Congo'",{'https://news.google.com/articles/CBMiY2h0dHBzOi8vbS55ZW5pc2FmYWsuY29tL2VuL3dvcmxkL2NvbmZsaWN0LWNvcnJ1cHRpb24tcmVzdWx0LWluLWRlaW5kdXN0cmlhbGl6YXRpb24tb2YtY29uZ28tMzU4MDA4OdIBAA?hl=en-KE&gl=KE&ceid=KE%3Aen'}
"Africa needs survival, not democracy summit – Zambia Daily Mail",{'https://news.google.com/articles/CBMiR2h0dHA6Ly93d3cuZGFpbHktbWFpbC5jby56bS9hZnJpY2EtbmVlZHMtc3Vydml2YWwtbm90LWRlbW9jcmFjeS1zdW1taXQv0gEA?hl=en-KE&gl=KE&ceid=KE%3Aen'}
DR Congo auditor accuses governor of siphoning off $8.7 mn,{'https://news.google.com/articles/CBMiWWh0dHBzOi8vZXduLmNvLnphLzIwMjEvMDgvMjUvZHItY29uZ28tYXVkaXRvci1hY2N1c2VzLWdvdmVybm9yLW9mLXNpcGhvbmluZy1vZmYtdXNkOC03LW1u0gFdaHR0cHM6Ly9ld24uY28uemEvMjAyMS8wOC8yNS9kci1jb25nby1hdWRpdG9yLWFjY3VzZXMtZ292ZXJub3Itb2Ytc2lwaG9uaW5nLW9mZi11c2Q4LTctbW4vYW1w?hl=en-KE&gl=KE&ceid=KE%3Aen'}
"U.S.-DRC Partner to Combat Corruption, Fight Impunity, and Improve Security",{'https://news.google.com/articles/CBMiaGh0dHBzOi8vY2QudXNlbWJhc3N5Lmdvdi91cy1kcmMtcGFydG5lci10by1jb21iYXQtY29ycnVwdGlvbi1maWdodC1pbXB1bml0eS1hbmQtaW1wcm92ZS1zZWN1cml0eS0wODAzMjEv0gEA?hl=en-KE&gl=KE&ceid=KE%3Aen'}
YouTube asked to remove fake channel targeting Congolese anti-corruption groups,{'https://news.google.com/articles/CBMic2h0dHBzOi8vYWZyaWNhdGltZXMuY29tLzIwMjEvMDIvMjgveW91dHViZS1hc2tlZC10by1yZW1vdmUtZmFrZS1jaGFubmVsLXRhcmdldGluZy1jb25nb2xlc2UtYW50aS1jb3JydXB0aW9uLWdyb3Vwcy_SAQA?hl=en-KE&gl=KE&ceid=KE%3Aen'}
US Court Dismissed Cobalt Mining Forced Labor Lawsuit Against Tech Companies,{'https://news.google.com/articles/CBMifWh0dHBzOi8vd3d3Lmdsb2JhbGNvbXBsaWFuY2VuZXdzLmNvbS8yMDIxLzExLzI2L3VzLWNvdXJ0LWRpc21pc3NlZC1jb2JhbHQtbWluaW5nLWZvcmNlZC1sYWJvci1sYXdzdWl0LWFnYWluc3QtdGVjaC1jb21wYW5pZXMv0gEA?hl=en-KE&gl=KE&ceid=KE%3Aen'}
Congo-Kinshasa: World Bank Suspends School Funding in DR Congo Over Fraud,{'https://news.google.com/articles/CAIiEN1mrxYVgVFJ1vGlS7YuYUYqFwgEKg4IACoGCAowpa8mMJL_BTDG698G?uo=CAUiL2h0dHBzOi8vYWxsYWZyaWNhLmNvbS9zdG9yaWVzLzIwMjEwMjAyMDU3NS5odG1s0gEA&hl=en-KE&gl=KE&ceid=KE%3Aen'}
"Congo's $6 bln China mining deal 'unconscionable', says draft report",{'https://news.google.com/articles/CBMibGh0dHBzOi8vd3d3LnJldXRlcnMuY29tL2J1c2luZXNzL2Nvbmdvcy02LWJsbi1jaGluYS1taW5pbmctZGVhbC11bmNvbnNjaW9uYWJsZS1zYXlzLWRyYWZ0LXJlcG9ydC0yMDIxLTEwLTA4L9IBAA?hl=en-KE&gl=KE&ceid=KE%3Aen'}
The Democratic Republic of Congo is Back on the Front Page,{'https://news.google.com/articles/CBMiQmh0dHBzOi8vd3d3LmNmci5vcmcvYmxvZy9kZW1vY3JhdGljLXJlcHVibGljLWNvbmdvLWJhY2stZnJvbnQtcGFnZdIBRmh0dHBzOi8vd3d3LmNmci5vcmcvYmxvZy9kZW1vY3JhdGljLXJlcHVibGljLWNvbmdvLWJhY2stZnJvbnQtcGFnZT9hbXA?hl=en-KE&gl=KE&ceid=KE%3Aen'}
U.K. Fraud Unit Finds Alleged Bribe Network Behind Cobalt Hub,{'https://news.google.com/articles/CAIiEB6boSRg0T0c45SQlsAWAZEqGQgEKhAIACoHCAow4uzwCjCF3bsCMIrOrwM?uo=CAUib2h0dHBzOi8vd3d3LmJsb29tYmVyZy5jb20vbmV3cy9hcnRpY2xlcy8yMDIxLTA3LTE1L3Utay1mcmF1ZC11bml0LWZpbmRzLWJyaWJlLW5ldHdvcmstYmVoaW5kLXdvcmxkLXMtY29iYWx0LWh1YtIBAA&hl=en-KE&gl=KE&ceid=KE%3Aen'}
DR Congo: Quash Whistleblowers' Death Sentences,{'https://news.google.com/articles/CBMiUWh0dHBzOi8vd3d3Lmhydy5vcmcvbmV3cy8yMDIxLzAzLzA5L2RyLWNvbmdvLXF1YXNoLXdoaXN0bGVibG93ZXJzLWRlYXRoLXNlbnRlbmNlc9IBAA?hl=en-KE&gl=KE&ceid=KE%3Aen'}
Why payroll fraud in the DRC's education sector will be hard to fix,{'https://news.google.com/articles/CBMiZWh0dHBzOi8vdGhlY29udmVyc2F0aW9uLmNvbS93aHktcGF5cm9sbC1mcmF1ZC1pbi10aGUtZHJjcy1lZHVjYXRpb24tc2VjdG9yLXdpbGwtYmUtaGFyZC10by1maXgtMTYyMjU30gFpaHR0cHM6Ly90aGVjb252ZXJzYXRpb24uY29tL2FtcC93aHktcGF5cm9sbC1mcmF1ZC1pbi10aGUtZHJjcy1lZHVjYXRpb24tc2VjdG9yLXdpbGwtYmUtaGFyZC10by1maXgtMTYyMjU3?hl=en-KE&gl=KE&ceid=KE%3Aen'}
"Acting Assistant Secretary Peterson reiterates U.S. support for human rights, democracy and anti-corruption efforts in DRC during Kinshasa visit",{'https://news.google.com/articles/CBMiqAFodHRwczovL2NkLnVzZW1iYXNzeS5nb3YvYWN0aW5nLWFzc2lzdGFudC1zZWNyZXRhcnktcGV0ZXJzb24tcmVpdGVyYXRlcy11LXMtc3VwcG9ydC1mb3ItaHVtYW4tcmlnaHRzLWRlbW9jcmFjeS1hbmQtYW50aS1jb3JydXB0aW9uLWVmZm9ydHMtaW4tZHJjLWR1cmluZy1raW5zaGFzYS12aXNpdC_SAQA?hl=en-KE&gl=KE&ceid=KE%3Aen'}
Our Best Reads of the Week,{'https://news.google.com/articles/CAIiEA2P3SjQgfRyLLdpdOy42-YqGQgEKhAIACoHCAow4uzwCjCF3bsCMIrOrwM?uo=CAUiUGh0dHBzOi8vd3d3LmJsb29tYmVyZy5jb20vbmV3cy9uZXdzbGV0dGVycy8yMDIxLTEyLTAzL291ci1iZXN0LXJlYWRzLW9mLXRoZS13ZWVr0gEA&hl=en-KE&gl=KE&ceid=KE%3Aen'}
A Criminal State: Understanding and Countering Institutionalized Corruption and Violence in the Democratic Republic of Congo - Democratic Republic of the Congo,{'https://news.google.com/articles/CBMidGh0dHBzOi8vcmVsaWVmd2ViLmludC9yZXBvcnQvZGVtb2NyYXRpYy1yZXB1YmxpYy1jb25nby9jcmltaW5hbC1zdGF0ZS11bmRlcnN0YW5kaW5nLWFuZC1jb3VudGVyaW5nLWluc3RpdHV0aW9uYWxpemVk0gEA?hl=en-KE&gl=KE&ceid=KE%3Aen'}
"US sanctions mining magnate accused of corruption in the Congo, reversing Trump-era move",{'https://news.google.com/articles/CAIiEGIT2hbccMHeJ34x6SP_aXoqGQgEKhAIACoHCAow3e2TCzDU9KgDMJ3ywAY?uo=CAUijAFodHRwczovL3d3dy5pY2lqLm9yZy9pbnZlc3RpZ2F0aW9ucy9wYXJhZGlzZS1wYXBlcnMvdXMtc2FuY3Rpb25zLW1pbmluZy1tYWduYXRlLWFjY3VzZWQtb2YtY29ycnVwdGlvbi1pbi10aGUtY29uZ28tcmV2ZXJzaW5nLXRydW1wLWVyYS1tb3ZlL9IBAA&hl=en-KE&gl=KE&ceid=KE%3Aen'}
DR Congo loses $750m in mining revenues to corruption,{'https://news.google.com/articles/CBMiXWh0dHBzOi8vd3d3LmFsamF6ZWVyYS5jb20vbmV3cy8yMDE3LzcvMjEvZHItY29uZ28tbG9zZXMtNzUwbS1pbi1taW5pbmctcmV2ZW51ZXMtdG8tY29ycnVwdGlvbtIBYWh0dHBzOi8vd3d3LmFsamF6ZWVyYS5jb20vYW1wL25ld3MvMjAxNy83LzIxL2RyLWNvbmdvLWxvc2VzLTc1MG0taW4tbWluaW5nLXJldmVudWVzLXRvLWNvcnJ1cHRpb24?hl=en-KE&gl=KE&ceid=KE%3Aen'}
Opinion | Corruption and Environmental Damage: Chinese Fossil Fuel Investments in Africa,{'https://news.google.com/articles/CBMieGh0dHBzOi8vd3d3LmNvbW1vbmRyZWFtcy5vcmcvdmlld3MvMjAyMS8xMS8wOS9jb3JydXB0aW9uLWFuZC1lbnZpcm9ubWVudGFsLWRhbWFnZS1jaGluZXNlLWZvc3NpbC1mdWVsLWludmVzdG1lbnRzLWFmcmljYdIBAA?hl=en-KE&gl=KE&ceid=KE%3Aen'}
Powering Down Corruption: Tackling Transparency and Human Rights Risks from Congo's Cobalt Mines to Global Supply Chains - Democratic Republic of the Congo,{'https://news.google.com/articles/CAIiEOQj5Gp5NO9q6W7BEi8K7wYqGQgEKhAIACoHCAow4OH9CjCg6_UCMJ-42gU?uo=CAUidmh0dHBzOi8vcmVsaWVmd2ViLmludC9yZXBvcnQvZGVtb2NyYXRpYy1yZXB1YmxpYy1jb25nby9wb3dlcmluZy1kb3duLWNvcnJ1cHRpb24tdGFja2xpbmctdHJhbnNwYXJlbmN5LWFuZC1odW1hbi1yaWdodHPSAQA&hl=en-KE&gl=KE&ceid=KE%3Aen'}
Zimbabwe: Passport Officials Corruptly Earn Thousands of Dollars,{'https://news.google.com/articles/CAIiEPrHPWmf3WnqVTifnt9A4lsqFggEKg4IACoGCAowpa8mMJL_BTChtQY?uo=CAUiL2h0dHBzOi8vYWxsYWZyaWNhLmNvbS9zdG9yaWVzLzIwMjExMTI2MDM2MS5odG1s0gEA&hl=en-KE&gl=KE&ceid=KE%3Aen'}
Unprecedented corruption trial of Vital Kamerhe in DR Congo adjourned,{'https://news.google.com/articles/CBMiZGh0dHBzOi8vd3d3LnJmaS5mci9lbi9hZnJpY2EvMjAyMDA1MTMtYWZyaWNhLWRyYy1jb25nby1jb3JydXB0aW9uLXRyaWFsLWFkam91cm5lZC1rYW1lcmhlLXRzaGlzZWtlZGnSAWRodHRwczovL2FtcC5yZmkuZnIvZW4vYWZyaWNhLzIwMjAwNTEzLWFmcmljYS1kcmMtY29uZ28tY29ycnVwdGlvbi10cmlhbC1hZGpvdXJuZWQta2FtZXJoZS10c2hpc2VrZWRp?hl=en-KE&gl=KE&ceid=KE%3Aen'}
Readout of President Biden's Meeting with President Felix Tshisekedi of the Democratic Republic of the Congo,{'https://news.google.com/articles/CBMitAFodHRwczovL3d3dy53aGl0ZWhvdXNlLmdvdi9icmllZmluZy1yb29tL3N0YXRlbWVudHMtcmVsZWFzZXMvMjAyMS8xMC8zMC9yZWFkb3V0LW9mLXByZXNpZGVudC1iaWRlbnMtbWVldGluZy13aXRoLXByZXNpZGVudC1mZWxpeC10c2hpc2VrZWRpLW9mLXRoZS1kZW1vY3JhdGljLXJlcHVibGljLW9mLXRoZS1jb25nby_SAQA?hl=en-KE&gl=KE&ceid=KE%3Aen'}
New Congo aid corruption report,{'https://news.google.com/articles/CAIiEHCWsSXLLTctI9vip6ZMpXUqGQgEKhAIACoHCAowveqPCzDFtKMDMOHasAY?uo=CAUiZ2h0dHBzOi8vd3d3LnRoZW5ld2h1bWFuaXRhcmlhbi5vcmcvaW52ZXN0aWdhdGlvbi8yMDIwLzA2LzEyL0NvbmdvLWFpZC1jb3JydXB0aW9uLWFidXNlLURGSUQtRFJDLVVOLU5HT3PSAQA&hl=en-KE&gl=KE&ceid=KE%3Aen'}
Congo-Kinshasa: DR Congo Stares at U.S.$3.7 Billion Loss in Skewed Mining Deals,{'https://news.google.com/articles/CAIiEBZ7rbBs_6Y-H_Au2I2LxcAqFggEKg4IACoGCAowpa8mMJL_BTDn3w4?uo=CAUiL2h0dHBzOi8vYWxsYWZyaWNhLmNvbS9zdG9yaWVzLzIwMjEwNTI0MDYyNC5odG1s0gEA&hl=en-KE&gl=KE&ceid=KE%3Aen'}
DR Congo: Ex-health minister jailed over corruption,{'https://news.google.com/articles/CBMiWmh0dHBzOi8vd3d3LmFhLmNvbS50ci9lbi9hZnJpY2EvZHItY29uZ28tZXgtaGVhbHRoLW1pbmlzdGVyLWphaWxlZC1vdmVyLWNvcnJ1cHRpb24vMTc3NjYwM9IBAA?hl=en-KE&gl=KE&ceid=KE%3Aen'}
DRC ex-minister held in Brazzaville over embezzlement case,{'https://news.google.com/articles/CBMibWh0dHBzOi8vd3d3Lm5ld3MyNC5jb20vbmV3czI0L2FmcmljYS9uZXdzL2RyYy1leC1taW5pc3Rlci1oZWxkLWluLWJyYXp6YXZpbGxlLW92ZXItZW1iZXp6bGVtZW50LWNhc2UtMjAyMTA0MjHSAXFodHRwczovL3d3dy5uZXdzMjQuY29tL2FtcC9uZXdzMjQvYWZyaWNhL25ld3MvZHJjLWV4LW1pbmlzdGVyLWhlbGQtaW4tYnJhenphdmlsbGUtb3Zlci1lbWJlenpsZW1lbnQtY2FzZS0yMDIxMDQyMQ?hl=en-KE&gl=KE&ceid=KE%3Aen'}
US Backtracks on Fight Against Graft in Congo,{'https://news.google.com/articles/CBMiS2h0dHBzOi8vd3d3Lmhydy5vcmcvbmV3cy8yMDIxLzAyLzAzL3VzLWJhY2t0cmFja3MtZmlnaHQtYWdhaW5zdC1ncmFmdC1jb25nb9IBAA?hl=en-KE&gl=KE&ceid=KE%3Aen'}
"Lack of planning, finances crippling Congo's state of siege: report",{'https://news.google.com/articles/CAIiEOkPBTUfirRZ1sMHxfynz1sqFggEKg0IACoGCAowt6AMMLAmMLT5lwM?uo=CAUia2h0dHBzOi8vd3d3LnJldXRlcnMuY29tL3dvcmxkL2FmcmljYS9sYWNrLXBsYW5uaW5nLWZpbmFuY2VzLWNyaXBwbGluZy1jb25nb3Mtc3RhdGUtc2llZ2UtcmVwb3J0LTIwMjEtMTAtMjkv0gEA&hl=en-KE&gl=KE&ceid=KE%3Aen'}
This app is fighting corruption in the Democratic Republic of Congo,{'https://news.google.com/articles/CAIiEJ4MmdcylAiz5lzpSVv0ICoqFQgEKg0IACoGCAowlacCMKBPMOGbAg?uo=CAUieGh0dHBzOi8vd3d3LmZhc3Rjb21wYW55LmNvbS85MDQzMzE2Ni90aGlzLWRpZ2l0YWwtcGxhdGZvcm0tZmlnaHRzLWNvcnJ1cHRpb24tYnktYnlwYXNzaW5nLXRoZS1vZmZpY2lhbHMtZGVtYW5kaW5nLWJyaWJlc9IBAA&hl=en-KE&gl=KE&ceid=KE%3Aen'}
Justice at Risk in Democratic Republic of Congo,{'https://news.google.com/articles/CBMiSmh0dHBzOi8vd3d3Lmhydy5vcmcvbmV3cy8yMDIwLzA3LzA4L2p1c3RpY2Utcmlzay1kZW1vY3JhdGljLXJlcHVibGljLWNvbmdv0gEA?hl=en-KE&gl=KE&ceid=KE%3Aen'}
DRC president’s top aide gets 20-year jail term for corruption,{'https://news.google.com/articles/CBMiZmh0dHBzOi8vd3d3LmFsamF6ZWVyYS5jb20vbmV3cy8yMDIwLzYvMjAvZHJjLXByZXNpZGVudHMtdG9wLWFpZGUtZ2V0cy0yMC15ZWFyLWphaWwtdGVybS1mb3ItY29ycnVwdGlvbtIBamh0dHBzOi8vd3d3LmFsamF6ZWVyYS5jb20vYW1wL25ld3MvMjAyMC82LzIwL2RyYy1wcmVzaWRlbnRzLXRvcC1haWRlLWdldHMtMjAteWVhci1qYWlsLXRlcm0tZm9yLWNvcnJ1cHRpb24?hl=en-KE&gl=KE&ceid=KE%3Aen'}
Congo-Kinshasa: Déjà Vu - the DRC's Perpetual Cycles of Hope and Despair,{'https://news.google.com/articles/CAIiEJ8SdFe-MZh9B4IAfkpzNWEqFggEKg4IACoGCAowpa8mMJL_BTCxtQY?uo=CAUiL2h0dHBzOi8vYWxsYWZyaWNhLmNvbS9zdG9yaWVzLzIwMjEwNzIzMDM1OS5odG1s0gEA&hl=en-KE&gl=KE&ceid=KE%3Aen'}
Vital Kamerhe: DRC president's chief of staff found guilty of corruption,{'https://news.google.com/articles/CBMiLmh0dHBzOi8vd3d3LmJiYy5jb20vbmV3cy93b3JsZC1hZnJpY2EtNTMxMjE5OTTSAQA?hl=en-KE&gl=KE&ceid=KE%3Aen'}
"Tough Sanctions, Then a Mysterious Last-Minute Turnabout",{'https://news.google.com/articles/CBMiSWh0dHBzOi8vd3d3Lm55dGltZXMuY29tLzIwMjEvMDIvMjEvdXMvcG9saXRpY3MvZGFuLWdlcnRsZXItc2FuY3Rpb25zLmh0bWzSAU1odHRwczovL3d3dy5ueXRpbWVzLmNvbS8yMDIxLzAyLzIxL3VzL3BvbGl0aWNzL2Rhbi1nZXJ0bGVyLXNhbmN0aW9ucy5hbXAuaHRtbA?hl=en-KE&gl=KE&ceid=KE%3Aen'}
Security Council Presidential Statement on Great Lakes Urges Concerted Efforts against Armed Groups' Illicit Funding from Pillaged Natural Resources - Democratic Republic of the Congo,{'https://news.google.com/articles/CAIiEL04oYugH7Ecf4FyY-ECcugqGQgEKhAIACoHCAow4OH9CjCg6_UCMJ-42gU?uo=CAUiemh0dHBzOi8vcmVsaWVmd2ViLmludC9yZXBvcnQvZGVtb2NyYXRpYy1yZXB1YmxpYy1jb25nby9zZWN1cml0eS1jb3VuY2lsLXByZXNpZGVudGlhbC1zdGF0ZW1lbnQtZ3JlYXQtbGFrZXMtdXJnZXMtY29uY2VydGVk0gEA&hl=en-KE&gl=KE&ceid=KE%3Aen'}
Top DR Congo presidential aide Kamerhe goes on trial for corruption,{'https://news.google.com/articles/CBMiaGh0dHBzOi8vd3d3LmZyYW5jZTI0LmNvbS9lbi8yMDIwMDUxMS10b3AtZHItY29uZ28tcHJlc2lkZW50aWFsLWFpZGUta2FtZXJoZS1nb2VzLW9uLXRyaWFsLWZvci1jb3JydXB0aW9u0gFoaHR0cHM6Ly9hbXAuZnJhbmNlMjQuY29tL2VuLzIwMjAwNTExLXRvcC1kci1jb25nby1wcmVzaWRlbnRpYWwtYWlkZS1rYW1lcmhlLWdvZXMtb24tdHJpYWwtZm9yLWNvcnJ1cHRpb24?hl=en-KE&gl=KE&ceid=KE%3Aen'}
The Dark Side of Congo's Cobalt Rush,{'https://news.google.com/articles/CAIiEPKn6A3qPWh-MPbAyiC8OXkqGQgEKhAIACoHCAowjMqjCjCJhZwBMKHUywM?uo=CAUiUWh0dHBzOi8vd3d3Lm5ld3lvcmtlci5jb20vbWFnYXppbmUvMjAyMS8wNS8zMS90aGUtZGFyay1zaWRlLW9mLWNvbmdvcy1jb2JhbHQtcnVzaNIBAA&hl=en-KE&gl=KE&ceid=KE%3Aen'}
DRC: Unexpected release of two prisoners charged with corruption raises eyebrows,{'https://news.google.com/articles/CBMidmh0dHBzOi8vd3d3LnRoZWFmcmljYXJlcG9ydC5jb20vNTg4MDQvZHJjLXVuZXhwZWN0ZWQtcmVsZWFzZS1vZi10d28tcHJpc29uZXJzLWNoYXJnZWQtd2l0aC1jb3JydXB0aW9uLXJhaXNlcy1leWVicm93cy_SAXpodHRwczovL3d3dy50aGVhZnJpY2FyZXBvcnQuY29tLzU4ODA0L2RyYy11bmV4cGVjdGVkLXJlbGVhc2Utb2YtdHdvLXByaXNvbmVycy1jaGFyZ2VkLXdpdGgtY29ycnVwdGlvbi1yYWlzZXMtZXllYnJvd3MvYW1wLw?hl=en-KE&gl=KE&ceid=KE%3Aen'}
African Anti-Corruption Day 2021: Will governments… - Transparency.org,{'https://news.google.com/articles/CBMieGh0dHBzOi8vd3d3LnRyYW5zcGFyZW5jeS5vcmcvZW4vbmV3cy9hZnJpY2FuLWFudGktY29ycnVwdGlvbi1kYXktMjAyMS13aWxsLWdvdmVybm1lbnRzLWVuYWJsZS1jaXRpemVucy10by1qb2luLXRoZS1maWdodNIBAA?hl=en-KE&gl=KE&ceid=KE%3Aen'}
DR Congo president's ex-chief of staff Kamerhe gets 20 years' jail for graft,{'https://news.google.com/articles/CBMicWh0dHBzOi8vd3d3LnJmaS5mci9lbi9hZnJpY2EvMjAyMDA2MjAtZHItY29uZ28tcHJlc2lkZW50LXMtZXgtY2hpZWYtb2Ytc3RhZmYta2FtZXJoZS1nZXRzLTIwLXllYXJzLWphaWwtZm9yLWdyYWZ00gFxaHR0cHM6Ly9hbXAucmZpLmZyL2VuL2FmcmljYS8yMDIwMDYyMC1kci1jb25nby1wcmVzaWRlbnQtcy1leC1jaGllZi1vZi1zdGFmZi1rYW1lcmhlLWdldHMtMjAteWVhcnMtamFpbC1mb3ItZ3JhZnQ?hl=en-KE&gl=KE&ceid=KE%3Aen'}
The U.S. vs. Dan Gertler,{'https://news.google.com/articles/CBMiV2h0dHBzOi8vd3d3LndvcmxkcG9saXRpY3NyZXZpZXcuY29tL2FydGljbGVzLzI5NjA1L3RoZS11LXMtbWFnbml0c2t5LWFjdC12cy1kYW4tZ2VydGxlctIBW2h0dHBzOi8vd3d3LndvcmxkcG9saXRpY3NyZXZpZXcuY29tL2FtcC9hcnRpY2xlcy8yOTYwNS90aGUtdS1zLW1hZ25pdHNreS1hY3QtdnMtZGFuLWdlcnRsZXI?hl=en-KE&gl=KE&ceid=KE%3Aen'}
DR Congo: Cursed by its natural wealth,{'https://news.google.com/articles/CBMiKmh0dHBzOi8vd3d3LmJiYy5jb20vbmV3cy9tYWdhemluZS0yNDM5NjM5MNIBAA?hl=en-KE&gl=KE&ceid=KE%3Aen'}
"Vital Kamerhe, top aide to DRC president, on trial for corruption",{'https://news.google.com/articles/CBMiaGh0dHBzOi8vd3d3LmFsamF6ZWVyYS5jb20vbmV3cy8yMDIwLzUvMTIvdml0YWwta2FtZXJoZS10b3AtYWlkZS10by1kcmMtcHJlc2lkZW50LW9uLXRyaWFsLWZvci1jb3JydXB0aW9u0gFsaHR0cHM6Ly93d3cuYWxqYXplZXJhLmNvbS9hbXAvbmV3cy8yMDIwLzUvMTIvdml0YWwta2FtZXJoZS10b3AtYWlkZS10by1kcmMtcHJlc2lkZW50LW9uLXRyaWFsLWZvci1jb3JydXB0aW9u?hl=en-KE&gl=KE&ceid=KE%3Aen'}
Congo First Lady's Foundation Accuses Activists,{'https://news.google.com/articles/CBMiUmh0dHBzOi8vd3d3Lmhydy5vcmcvbmV3cy8yMDIxLzEwLzA2L2NvbmdvLWZpcnN0LWxhZHlzLWZvdW5kYXRpb24tYWNjdXNlcy1hY3RpdmlzdHPSAQA?hl=en-KE&gl=KE&ceid=KE%3Aen'}
"Congo virus funds embezzled by 'mafia network', says deputy minister",{'https://news.google.com/articles/CBMiVGh0dHBzOi8vd3d3LnJldXRlcnMuY29tL2FydGljbGUvdXMtaGVhbHRoLWNvcm9uYXZpcnVzLWNvbmdvLWNvcnJ1cHRpb24taWRVU0tCTjI0OTIyNdIBNGh0dHBzOi8vbW9iaWxlLnJldXRlcnMuY29tL2FydGljbGUvYW1wL2lkVVNLQk4yNDkyMjU?hl=en-KE&gl=KE&ceid=KE%3Aen'}
Congo's president cuts free of his would-be puppetmaster,{'https://news.google.com/articles/CBMic2h0dHBzOi8vd3d3LmVjb25vbWlzdC5jb20vbWlkZGxlLWVhc3QtYW5kLWFmcmljYS8yMDIxLzAyLzA5L2Nvbmdvcy1wcmVzaWRlbnQtY3V0cy1mcmVlLW9mLWhpcy13b3VsZC1iZS1wdXBwZXRtYXN0ZXLSAQA?hl=en-KE&gl=KE&ceid=KE%3Aen'}
"Two Years After Vote, Congo's President Gets His Own Government",{'https://news.google.com/articles/CAIiEEJFIyc4NZYw_dNDz0_p4nMqGQgEKhAIACoHCAow4uzwCjCF3bsCMIrOrwM?uo=CAUibGh0dHBzOi8vd3d3LmJsb29tYmVyZy5jb20vbmV3cy9hcnRpY2xlcy8yMDIxLTA0LTEyL25ldy1nb3Zlcm5tZW50LXNoaWZ0cy1jb25nby1zLXBvd2VyLWJhbGFuY2UtdG8tdHNoaXNla2VkadIBAA&hl=en-KE&gl=KE&ceid=KE%3Aen'}
CPI 2020: Sub-Saharan Africa - News - Transparency.org,{'https://news.google.com/articles/CBMiQGh0dHBzOi8vd3d3LnRyYW5zcGFyZW5jeS5vcmcvZW4vbmV3cy9jcGktMjAyMC1zdWItc2FoYXJhbi1hZnJpY2HSAQA?hl=en-KE&gl=KE&ceid=KE%3Aen'}
"Senior Official in Democratic Republic of Congo Spotlights Violence in Eastern Provinces, Outlines Mission Transition Plans, Briefing Security Council - Democratic Republic of the Congo",{'https://news.google.com/articles/CAIiEMrzIRZgOPCUFkUc9hTLf_gqGQgEKhAIACoHCAow4OH9CjCg6_UCMJ-42gU?uo=CAUidGh0dHBzOi8vcmVsaWVmd2ViLmludC9yZXBvcnQvZGVtb2NyYXRpYy1yZXB1YmxpYy1jb25nby9zZW5pb3Itb2ZmaWNpYWwtZGVtb2NyYXRpYy1yZXB1YmxpYy1jb25nby1zcG90bGlnaHRzLXZpb2xlbmNl0gEA&hl=en-KE&gl=KE&ceid=KE%3Aen'}
Controversy surrounds Glencore’s stake in UK battery maker Britishvolt,{'https://news.google.com/articles/CBMidWh0dHBzOi8vd3d3LnRoZWd1YXJkaWFuLmNvbS9idXNpbmVzcy8yMDIxL2F1Zy8xNy9jb250cm92ZXJzeS1zdXJyb3VuZHMtZ2xlbmNvcmUtc3Rha2UtaW4tdWstYmF0dGVyeS1tYWtlci1icml0aXNodm9sdNIBdWh0dHBzOi8vYW1wLnRoZWd1YXJkaWFuLmNvbS9idXNpbmVzcy8yMDIxL2F1Zy8xNy9jb250cm92ZXJzeS1zdXJyb3VuZHMtZ2xlbmNvcmUtc3Rha2UtaW4tdWstYmF0dGVyeS1tYWtlci1icml0aXNodm9sdA?hl=en-KE&gl=KE&ceid=KE%3Aen'}
Corrupt networks in DRC push Tshisekedi to order investigations,{'https://news.google.com/articles/CBMifGh0dHBzOi8vd3d3LnRoZWVhc3RhZnJpY2FuLmNvLmtlL3RlYS9yZXN0LW9mLWFmcmljYS9jb3JydXB0LW5ldHdvcmtzLWluLWRyYy1wdXNoLXRzaGlzZWtlZGktdG8tb3JkZXItaW52ZXN0aWdhdGlvbnMtLTE5MTEzMjbSAYkBaHR0cHM6Ly93d3cudGhlZWFzdGFmcmljYW4uY28ua2UvdGVhL3Jlc3Qtb2YtYWZyaWNhL2NvcnJ1cHQtbmV0d29ya3MtaW4tZHJjLXB1c2gtdHNoaXNla2VkaS10by1vcmRlci1pbnZlc3RpZ2F0aW9ucy0tMTkxMTMyNj92aWV3PWh0bWxhbXA?hl=en-KE&gl=KE&ceid=KE%3Aen'}
OPINION: Collective action can stop corruption in the extractives sector,{'https://news.google.com/articles/CBMiMWh0dHBzOi8vbmV3cy50cnVzdC5vcmcvaXRlbS8yMDIxMDkwODA5MjE0OC0xYmpubC_SAQA?hl=en-KE&gl=KE&ceid=KE%3Aen'}
DR Congo parliament votes to remove Prime Minister Ilunga,{'https://news.google.com/articles/CBMiVGh0dHBzOi8vd3d3LmFsamF6ZWVyYS5jb20vbmV3cy8yMDIxLzEvMjcvZHItY29uZ28tcGFybGlhbWVudC12b3Rlcy1vdXQtcHJvLWthYmlsYS1wbdIBWGh0dHBzOi8vd3d3LmFsamF6ZWVyYS5jb20vYW1wL25ld3MvMjAyMS8xLzI3L2RyLWNvbmdvLXBhcmxpYW1lbnQtdm90ZXMtb3V0LXByby1rYWJpbGEtcG0?hl=en-KE&gl=KE&ceid=KE%3Aen'}
"DRC: 8 facts about Tshisekedi's anti-corruption boss, Jules Alingete Key",{'https://news.google.com/articles/CBMibGh0dHBzOi8vd3d3LnRoZWFmcmljYXJlcG9ydC5jb20vOTAxNzUvZHJjLTgtZmFjdHMtYWJvdXQtdHNoaXNla2VkaXMtYW50aS1jb3JydXB0aW9uLWJvc3MtanVsZXMtYWxpbmdldGUta2V5L9IBAA?hl=en-KE&gl=KE&ceid=KE%3Aen'}
"DR Congo rainforests under attack from corruption, mismanagement",{'https://news.google.com/articles/CBMiY2h0dHBzOi8vYWZyaWNhLmNndG4uY29tLzIwMTkvMTIvMDkvZHItY29uZ28tcmFpbmZvcmVzdHMtdW5kZXItYXR0YWNrLWZyb20tY29ycnVwdGlvbi1taXNtYW5hZ2VtZW50L9IBAA?hl=en-KE&gl=KE&ceid=KE%3Aen'}
"Climate Action Alliance of the Valley climate, energy news update",{'https://news.google.com/articles/CAIiEM3AmOGEWjl29W1jgQp4QFMqMwgEKioIACIQo1N6MzdEIms5JBAB3JBmBioUCAoiEKNTejM3RCJrOSQQAdyQZgYw3d2BBw?uo=CAUiXmh0dHBzOi8vYXVndXN0YWZyZWVwcmVzcy5jb20vY2xpbWF0ZS1hY3Rpb24tYWxsaWFuY2Utb2YtdGhlLXZhbGxleS1jbGltYXRlLWVuZXJneS1uZXdzLXVwZGF0ZS_SAQA&hl=en-KE&gl=KE&ceid=KE%3Aen'}
The Overlooked Role of Western Multinationals in African Corruption,{'https://news.google.com/articles/CBMieWh0dHBzOi8vd3d3LndvcmxkcG9saXRpY3NyZXZpZXcuY29tL3RyZW5kLWxpbmVzLzI5OTY4L3RoZS1vdmVybG9va2VkLXJvbGUtb2Ytd2VzdGVybi1tdWx0aW5hdGlvbmFscy1pbi1hZnJpY2FuLWNvcnJ1cHRpb27SAQA?hl=en-KE&gl=KE&ceid=KE%3Aen'}
Language changed as leaked report into Congo aid corruption made public,{'https://news.google.com/articles/CAIiEFVfArw0Bdg32bWXb-gcywYqGQgEKhAIACoHCAowveqPCzDFtKMDMOHasAY?uo=CAUicmh0dHBzOi8vd3d3LnRoZW5ld2h1bWFuaXRhcmlhbi5vcmcvbmV3cy8yMDIwLzA3LzIyL2xhbmd1YWdlLWNoYW5nZWQtbGVha2VkLXJlcG9ydC1jb25nby1haWQtY29ycnVwdGlvbi1tYWRlLXB1YmxpY9IBAA&hl=en-KE&gl=KE&ceid=KE%3Aen'}
DRC president's chief of staff detained over corruption allegations,{'https://news.google.com/articles/CBMiamh0dHBzOi8vd3d3LmFmcmljYW5ld3MuY29tLzIwMjAvMDQvMDkvZHJjLXByZXNpZGVudC1zLWNoaWVmLW9mLXN0YWZmLWRldGFpbmVkLW92ZXItY29ycnVwdGlvbi1hbGxlZ2F0aW9ucy_SAW5odHRwczovL3d3dy5hZnJpY2FuZXdzLmNvbS9hbXAvMjAyMC8wNC8wOS9kcmMtcHJlc2lkZW50LXMtY2hpZWYtb2Ytc3RhZmYtZGV0YWluZWQtb3Zlci1jb3JydXB0aW9uLWFsbGVnYXRpb25zLw?hl=en-KE&gl=KE&ceid=KE%3Aen'}
Africa’s vaccine crisis: It’s not all about corruption,{'https://news.google.com/articles/CBMiYGh0dHBzOi8vd3d3LmFsamF6ZWVyYS5jb20vb3BpbmlvbnMvMjAyMS83LzE5L2FmcmljYXMtdmFjY2luZS1jcmlzaXMtaXRzLW5vdC1hbGwtYWJvdXQtY29ycnVwdGlvbtIBZGh0dHBzOi8vd3d3LmFsamF6ZWVyYS5jb20vYW1wL29waW5pb25zLzIwMjEvNy8xOS9hZnJpY2FzLXZhY2NpbmUtY3Jpc2lzLWl0cy1ub3QtYWxsLWFib3V0LWNvcnJ1cHRpb24?hl=en-KE&gl=KE&ceid=KE%3Aen'}
Podcast: Who benefits from resource extraction in DRC?,{'https://news.google.com/articles/CAIiEMoITCDsEa5ayrAlB1K98fIqMwgEKioIACIQ65Pnd-s87Ky7YVAI7KgDCSoUCAoiEOuT53frPOysu2FQCOyoAwkwiYLEBg?uo=CAUiV2h0dHBzOi8vbmV3cy5tb25nYWJheS5jb20vMjAyMS8xMC9wb2RjYXN0LXdoby1iZW5lZml0cy1mcm9tLXJlc291cmNlLWV4dHJhY3Rpb24taW4tZHJjL9IBAA&hl=en-KE&gl=KE&ceid=KE%3Aen'}
Politics,{'https://news.google.com/articles/CBMiQWh0dHBzOi8vd3d3LmVjb25vbWlzdC5jb20vdGhlLXdvcmxkLXRoaXMtd2Vlay8yMDIxLzEyLzA0L3BvbGl0aWNz0gEA?hl=en-KE&gl=KE&ceid=KE%3Aen'}
Citizens speak out about corruption in Africa - News,{'https://news.google.com/articles/CBMiUmh0dHBzOi8vd3d3LnRyYW5zcGFyZW5jeS5vcmcvZW4vbmV3cy9jaXRpemVucy1zcGVhay1vdXQtYWJvdXQtY29ycnVwdGlvbi1pbi1hZnJpY2HSAQA?hl=en-KE&gl=KE&ceid=KE%3Aen'}
Congo Graft Trial – Major Step or Political Theater?,{'https://news.google.com/articles/CBMiVWh0dHBzOi8vd3d3Lmhydy5vcmcvbmV3cy8yMDIwLzA2LzIzL2NvbmdvLWdyYWZ0LXRyaWFsLW1ham9yLXN0ZXAtb3ItcG9saXRpY2FsLXRoZWF0ZXLSAQA?hl=en-KE&gl=KE&ceid=KE%3Aen'}
In whose interest? Political integrity and…,{'https://news.google.com/articles/CBMiW2h0dHBzOi8vd3d3LnRyYW5zcGFyZW5jeS5vcmcvZW4vbmV3cy9wb2xpdGljYWwtY29ycnVwdGlvbi1hbmQtcG9saXRpY2FsLWludGVncml0eS1pbi1hZnJpY2HSAQA?hl=en-KE&gl=KE&ceid=KE%3Aen'}
Former DR Congo health minister convicted of embezzling Ebola funds,{'https://news.google.com/articles/CBMiTmh0dHBzOi8vd3d3LnJldXRlcnMuY29tL2FydGljbGUvdXMtaGVhbHRoLWVib2xhLWNvbmdvLWNvcnJ1cHRpb24taWRVU0tCTjIxQTJQSNIBNGh0dHBzOi8vbW9iaWxlLnJldXRlcnMuY29tL2FydGljbGUvYW1wL2lkVVNLQk4yMUEyUEg?hl=en-KE&gl=KE&ceid=KE%3Aen'}
Enhancing Government Effectiveness and Transparency: The Fight Against Corruption,{'https://news.google.com/articles/CBMipwFodHRwczovL3d3dy53b3JsZGJhbmsub3JnL2VuL2V2ZW50cy8yMDIxLzA3LzE5L3RoZS1nb3Zlcm5hbmNlLWdsb2JhbC1wcmFjdGljZS1hbmQtb3Blbi1nb3Zlcm5tZW50LWRpc2N1c3MtdGhlLWZpbmRpbmdzLW9mLXRoZS1nbG9iYWwtcmVwb3J0LW9uLWNvcnJ1cHRpb24tYW5kLWhpZ2hsaWdodNIBAA?hl=en-KE&gl=KE&ceid=KE%3Aen'}
Felix Tshisekedi's Newly-Independent Agenda for the DRC: Modernizer or Strongman 2.0?,{'https://news.google.com/articles/CBMibmh0dHBzOi8vY2hhcmdlZGFmZmFpcnMub3JnL2ZlbGl4LXRzaGlzZWtlZGlzLW5ld2x5LWluZGVwZW5kZW50LWFnZW5kYS1mb3ItdGhlLWRyYy1tb2Rlcm5pemVyLW9yLXN0cm9uZ21hbi0yLTAv0gEA?hl=en-KE&gl=KE&ceid=KE%3Aen'}
"IMF Mission Reaches Staff-Level Agreement with the Democratic Republic of the Congo on a Three-Year, US.5 Billion Financing Package",{'https://news.google.com/articles/CAIiEOaDaI7kPJwm8GvRfarcfAoqMwgEKioIACIQlYC0WYq63kaJTvIrNpgtlCoUCAoiEJWAtFmKut5GiU7yKzaYLZQw7dnKBg?uo=CAUijQFodHRwczovL3d3dy5pbWYub3JnL2VuL05ld3MvQXJ0aWNsZXMvMjAyMS8wNS8yNy9wcjIxMTQ2LWRyYy1pbWYtbWlzc2lvbi1yZWFjaGVzLXN0YWZmLWx2bC1hZ3JlZW1lbnQtb24tYS10aHJlZS15ZWFyLXVzLTEtNWItZmluYW5jaW5nLXBhY2thZ2XSAQA&hl=en-KE&gl=KE&ceid=KE%3Aen'}
DRC: ‘I hope to win a second term so that I can fulfill my vision’ says President Tshisekedi,{'https://news.google.com/articles/CBMigQFodHRwczovL3d3dy50aGVhZnJpY2FyZXBvcnQuY29tLzEwNDExNy9kcmMtaS1ob3BlLXRvLXdpbi1hLXNlY29uZC10ZXJtLXNvLXRoYXQtaS1jYW4tZnVsZmlsbC1teS12aXNpb24tc2F5cy1wcmVzaWRlbnQtdHNoaXNla2VkaS_SAYUBaHR0cHM6Ly93d3cudGhlYWZyaWNhcmVwb3J0LmNvbS8xMDQxMTcvZHJjLWktaG9wZS10by13aW4tYS1zZWNvbmQtdGVybS1zby10aGF0LWktY2FuLWZ1bGZpbGwtbXktdmlzaW9uLXNheXMtcHJlc2lkZW50LXRzaGlzZWtlZGkvYW1wLw?hl=en-KE&gl=KE&ceid=KE%3Aen'}
Security Council press statement on situation in Democratic Republic of the Congo - Democratic Republic of the Congo,{'https://news.google.com/articles/CAIiEE74heWJYHms_VHHV0MZL4kqGQgEKhAIACoHCAow4OH9CjCg6_UCMJ-42gU?uo=CAUid2h0dHBzOi8vcmVsaWVmd2ViLmludC9yZXBvcnQvZGVtb2NyYXRpYy1yZXB1YmxpYy1jb25nby9zZWN1cml0eS1jb3VuY2lsLXByZXNzLXN0YXRlbWVudC1zaXR1YXRpb24tZGVtb2NyYXRpYy1yZXB1YmxpYy010gEA&hl=en-KE&gl=KE&ceid=KE%3Aen'}
United States reinstates DR Congo into AGOA trade pact,{'https://news.google.com/articles/CBMiZmh0dHBzOi8vd3d3LmFmcmljYW5ld3MuY29tLzIwMjAvMTIvMjQvdXMtcmVpbnN0YXRlcy1kcmMtdW5kZXItYWZyaWNhbi1ncm93dGgtYW5kLW9wcG9ydHVuaXR5LWFjdC1hZ29hL9IBamh0dHBzOi8vd3d3LmFmcmljYW5ld3MuY29tL2FtcC8yMDIwLzEyLzI0L3VzLXJlaW5zdGF0ZXMtZHJjLXVuZGVyLWFmcmljYW4tZ3Jvd3RoLWFuZC1vcHBvcnR1bml0eS1hY3QtYWdvYS8?hl=en-KE&gl=KE&ceid=KE%3Aen'}
Are African countries preventing corruption and…,{'https://news.google.com/articles/CBMiUGh0dHBzOi8vd3d3LnRyYW5zcGFyZW5jeS5vcmcvZW4vbmV3cy9hcmUtYWZyaWNhbi1jb3VudHJpZXMtcHJldmVudGluZy1jb3JydXB0aW9u0gEA?hl=en-KE&gl=KE&ceid=KE%3Aen'}
